{
  "mae": 0.218986,
  "rmse": 0.254692
}